Post_ID,Title,Self_text,Url,Author,Score,Subreddit,Publish_date,Number_of_comments,Permalink,Flair
6fdqte,"Behavioral Economics Study Suggests That, Among Dual Users (people who smoke and vape), Availability of Vapes Effects How Much They Smoke TLDR: Ban Vapes and Many Will Smoke",,http://www.drugandalcoholdependence.com/article/S0376-8716(17)30201-6/fulltext?cc=y=,mstave,33,electronic_cigarette,2017-06-05 12:05:47,12,/r/electronic_cigarette/comments/6fdqte/behavioral_economics_study_suggests_that_among/,NaN
6fmuh0,San Leandro CA Flavor Ban pushed to September,"San Leandro outcome; had it been put to a vote tonight this flavor ban would've been dead. However several council members want to do more research on the issues and on vapor and send the ordinance back to the Rules Committee. Which means it'll come back for consideration in September. That's a decent victory since that gives us time to have more conversations on the subject with the city.

Thank you everyone for being there and see you all tonight in Oakland! Let's keep this positive momentum going!!!",https://www.reddit.com/r/electronic_cigarette/comments/6fmuh0/san_leandro_ca_flavor_ban_pushed_to_september/,StefanDidak,17,electronic_cigarette,2017-06-06 16:21:23,8,/r/electronic_cigarette/comments/6fmuh0/san_leandro_ca_flavor_ban_pushed_to_september/,NaN
6fvkkp,SF Flavor Ban Hearing!,"VAPE ADVOCATES! If anyone has the time to blow up the emails and/or phones of the San Francisco Board of Supervisors from now until next Wednesday, June 14th about why flavors are crucial to quitting smoking combustible cigarettes, it would be MUCH appreciated. There will be a hearing on the 14th to talk about the proposed flavor ban, and I'd like to see the Supervisors absolutely buried in testimonials from vapers! A phone call or an email a day for the next week from everyone, everywhere who vapes would be ideal! Remember, be polite and professional for best results. Thank you vapers!! Visit SFBOS.org for phone numbers and emails of the Supervisors. #notblowingsmoke #casaa #nosfflavorban",https://www.reddit.com/r/electronic_cigarette/comments/6fvkkp/sf_flavor_ban_hearing/,jcolemanCASAA,76,electronic_cigarette,2017-06-07 19:02:55,18,/r/electronic_cigarette/comments/6fvkkp/sf_flavor_ban_hearing/,NaN
6fy75u,Flavor Ban Threatens San Francisco‚Äôs Legacy of Harm Reduction,,http://www.huffingtonpost.com/entry/5938b5e6e4b014ae8c69dda2,StefanDidak,14,electronic_cigarette,2017-06-08 02:34:53,1,/r/electronic_cigarette/comments/6fy75u/flavor_ban_threatens_san_franciscos_legacy_of/,NaN
6g3nb9,Proposed ban on e-cigarette flavors suffers well-deserved setback,,http://www.washingtonexaminer.com/proposed-ban-on-e-cigarette-flavors-suffers-well-deserved-setback/article/2625371,StefanDidak,432,electronic_cigarette,2017-06-08 20:34:38,67,/r/electronic_cigarette/comments/6g3nb9/proposed_ban_on_ecigarette_flavors_suffers/,NaN
6igf3l,NY state to include Vapor in smoking ban,,http://www.pressconnects.com/story/news/local/new-york/2017/06/20/you-may-have-take-your-e-cigs-outside-heres-why/103037496/,mcali5ter,1,electronic_cigarette,2017-06-20 19:36:10,21,/r/electronic_cigarette/comments/6igf3l/ny_state_to_include_vapor_in_smoking_ban/,NaN
6iipqn,"Can someone ELI5 this whole vape ban thing? What's going on, what's it mean, what's going to change &amp; what can I do about it?",,https://www.reddit.com/r/electronic_cigarette/comments/6iipqn/can_someone_eli5_this_whole_vape_ban_thing_whats/,Owl_lsd,1,electronic_cigarette,2017-06-21 01:55:18,5,/r/electronic_cigarette/comments/6iipqn/can_someone_eli5_this_whole_vape_ban_thing_whats/,NaN
6ijdlp,First Flavor Ban in the USA,"Goes into effect on April 1 2018 in San Francisco.

http://casaa.org/news/san-francisco-passes-one-size-fits-all-flavor-ban-condemns-smokers-to-status-quo/

**Will your city be next?**",https://www.reddit.com/r/electronic_cigarette/comments/6ijdlp/first_flavor_ban_in_the_usa/,vapingatfifty,92,electronic_cigarette,2017-06-21 03:56:31,124,/r/electronic_cigarette/comments/6ijdlp/first_flavor_ban_in_the_usa/,NaN
6ilc8i,New Jersey Vapers: State Legislature Debating a Flavor Ban (Might be time to get a bit more active),,http://www.pressofatlanticcity.com/news/state-legislature-bill-would-ban-flavored-e-cigarettes/article_9f8b451b-9773-5c4a-803c-a62a25433511.html,mstave,188,electronic_cigarette,2017-06-21 11:57:30,85,/r/electronic_cigarette/comments/6ilc8i/new_jersey_vapers_state_legislature_debating_a/,NaN
6imjdh,SF Flavor Ban: Stop deflecting Blame!,"The flavor ban in SF passes, in a meeting where the item was not presented on the agenda at least 72 hour prior, and as predicted there‚Äôs a lot of noise about it now on social media.
 
Why am I seeing so many vapers and business owners spending so much time posting comments about this when there was hardly any activity from them while calls to action and awareness about this ordinance was being raised? Why are they all singling out a single brand for their unsophisticated and careless branding and trying to pin the entire blame of the ban on them? Why were these other business owners not engaged earlier in the months leading up to the first hearing to get customers in the affected area into hearings or taking actions that have been made very simple for them to engage in? Instead, I see more engagement after the fact now with a lot of finger pointing and complaining. Much more so than any activity deployed in which y‚Äôall could have been of some help. That‚Äôs not helpful, that‚Äôs just noise.
 
And, before anyone even thinks about saying I am defending the brand being singled out and blamed for all this, hell no. To that brand, if your customers are so in love with your branding, why didn‚Äôt they show up in droves in hearings to let the board of supervisors know that they are adults and love these labels and that their consumer choice would be infringed upon? Was it so hard to spend some time reaching out to customers in affected Zip code areas or were you too busy trying to look good with stories about rebranding? That‚Äôs not helpful, that‚Äôs just noise.
 
You ALL are now engaging in a deflection of attention to the REAL problem and that happens to be the organizations that create and push for these ordinances. Not a single shitty brand. Not just because of packaging. Because those of us who really are in the trenches every day know very well, and as folks working in the TC field will tell you, even if everything had plain packaging they‚Äôd still be going after the flavors, regardless. Instead, what you ALL are doing with your online noise is detracting from that focus AND detracting from the efforts still going on regarding the OTHER five flavor bans that are still in play in the Bay Area. That‚Äôs not helpful, that‚Äôs just noise.
 
So what are you all going to do about this? Continue on blaming each other so the TC folks can laugh their asses off seeing how this industry and community shifts the blame from where it belongs to THEMSELVES? Or are you going to help engagement and increase awareness levels on the other five ordinances in play? It‚Äôs really your industry and your choice, but out of respect for those actually trying to fight these things without playing the blame game, could you please keep the noise down or otherwise focus on the real opponents? Thanks!
",https://www.reddit.com/r/electronic_cigarette/comments/6imjdh/sf_flavor_ban_stop_deflecting_blame/,StefanDidak,54,electronic_cigarette,2017-06-21 15:29:00,29,/r/electronic_cigarette/comments/6imjdh/sf_flavor_ban_stop_deflecting_blame/,NaN
6iq0kc,San Francisco votes to ban sales of vaping flavored liquid,,http://m.sfgate.com/news/medical/article/San-Francisco-to-ban-sales-of-vaping-flavored-11237149.php,catsx3,0,electronic_cigarette,2017-06-22 00:34:02,3,/r/electronic_cigarette/comments/6iq0kc/san_francisco_votes_to_ban_sales_of_vaping/,NaN
6itwc5,San Francisco to ban sales of vaping flavored liquid,[deleted],https://www.google.ca/url?sa=t&amp;source=web&amp;rct=j&amp;url=/amp/abcnews.go.com/amp/Health/wireStory/san-francisco-ban-sales-vaping-flavored-liquid-48192121&amp;ved=0ahUKEwj22eeX19HUAhUJxoMKHccRAWUQiJQBCC4wAQ&amp;usg=AFQjCNEZf6MWE6a6X2B68X1fZRLHkT13uw,[deleted],0,electronic_cigarette,2017-06-22 14:40:01,3,/r/electronic_cigarette/comments/6itwc5/san_francisco_to_ban_sales_of_vaping_flavored/,NaN
6iv0ks,NO SF FLAVOR BAN!!! We NEED everyone's help!!,"URGENT CALL TO ACTION!! All vapers, please take a minute to copy and paste the email addresses in the link below into an email to the San Francisco Board of Supervisors and their staff members. We got word last night that there will be one more vote next week to finalize the flavor ban. While it is probably a done deal and the vote just a formality, we still may be able to get some amendments and concessions added to the ordinance. IT DOESN'T MATTER WHERE YOU LIVE...PLEASE DO IT!! Write a quick letter about how flavors helped you quit deadly combustible cigarettes and stay quit. As always, be polite and respectful, but get your point across. WE NEED EVERYONE'S HELP!!! Flood them with testimonials and ask that they reconsider. Thank you!!

Alex Clark shared a link to the group: Vape Advocacy Elitists.
9 hrs ¬∑ 
** San Francisco - Board of Supervisors and Staff **
** Copy and Paste WIDELY! **

Email:

1) Copy/Paste this list into the address line:

Sandra.Fewer@sfgov.org, Chelsea.Boilard@sfgov.org, Nick.Pagoulatos@sfgov.org, Angelina.Yu@sfgov.org, Mark.Farrell@sfgov.org, Kanishka.Karunaratne@sfgov.org, Margaux.Kelly@sfgov.org, Jess.Montejano@sfgov.org, Aaron.Peskin@sfgov.org, Sunny.Angulo@sfgov.org, Lee.Hepner@sfgov.org, Beth.Rubenstein@sfgov.org, Katy.Tang@sfgov.org, Ashley.Summers@sfgov.org, Ray.Law@sfgov.org, London.Breed@sfgov.org, Samantha.Roxas@sfgov.org, Kayleigh.Lloyd@sfgov.org, Michael.Howerton@sfgov.org, Jane.Kim@sfgov.org, Ivy.Lee@sfgov.org, Noelle.Duong@sfgov.org, Barbara.Lopez@sfgov.org, Norman.Yee@sfgov.org, Erica.Maybaum@sfgov.org, Jarlene.Choy@sfgov.org, Jen.Low@sfgov.org, Jeff.Sheehy@sfgov.org, Justin.Jones@sfgov.org, David.Spero@sfgov.org, Bill.Barnes@sfgov.org, David.Campos@sfgov.org, Carolyn.Goossen@sfgov.org, Carolina.Morales@sfgov.org, Nate.Allbee@sfgov.org, Malia.Cohen@sfgov.org, Yoyo.Chan@sfgov.org, Brittni.Chicuata@sfgov.org, Sophia.Kittler@sfgov.org, Ahsha.Safai@sfgov.org, Judy.Lee@sfgov.org, Cathy.MulkeyMeyer@sfgov.org, Suhagey.Sandoval@sfgov.org, mayoredwinlee@sfgov.org

2) The subject line should mention Vaping and how flavors have helped you.

3) Briefly, tell your story about how switching to vaping has helped you.

4) Be Polite and close with ‚ÄúThank You.‚Äù

5) Send",https://www.reddit.com/r/electronic_cigarette/comments/6iv0ks/no_sf_flavor_ban_we_need_everyones_help/,jcolemanCASAA,350,electronic_cigarette,2017-06-22 17:26:09,126,/r/electronic_cigarette/comments/6iv0ks/no_sf_flavor_ban_we_need_everyones_help/,NaN
6ixsg4,I'm part of a silent group of Vapers who supports the Flavor Ban,"Downvote this all you want.

Just want you to know that there are many vapers who support the flavor ban.

There are two aspects to the flavor ban.

1. The sale of nicotine solutions containing flavoring compounds.

2. The marketing of nicotine solutions containing flavoring compounds.

You're all being told to say ""I quit with flavors"".

Well, good for you.

But in order to quit, did you need your ejuice to come packaged in a bright orange and red colored bottle labeled ""gummy bear""?

No you didn't. 

But you're being asked to send in your ""I quit with flavors"" signs, and your message is being used to justify shitty marketing tactics.

I hope this flavor ban teaches you a lesson not to be so fucking stupid.

If you really want to make a difference, you'll contact your representatives and educate them on the difference between ""banana"" and ""isoamyl acetate"". Let them know that you don't care about the marketing, you just want to have access to premixed nicotine ejuice containing the flavoring compounds.

Either way, I don't really care. I've been a DIY flavor mixer for my whole 7 years of vaping. I've probably tried only about 3 premixed e-liquids ever.

Either smarten up, or join us in DIY.

",https://www.reddit.com/r/electronic_cigarette/comments/6ixsg4/im_part_of_a_silent_group_of_vapers_who_supports/,NoFlavorMarketing,0,electronic_cigarette,2017-06-23 00:38:41,66,/r/electronic_cigarette/comments/6ixsg4/im_part_of_a_silent_group_of_vapers_who_supports/,NaN
6j8x00,STOP THE SF FLAVOR BAN AND HAVE FUN WHILE YOU'RE AT IT üëø,"Mondays are always a bummer. Imagine you're the San Francisco Board of Supervisors leaving work on Friday after your office was flooded by over 2500 e-mails in 24 hours in opposition to the flavor ban ordinance. Now imagine that someone(meüòä) challenged all the vapers in all the world to get that number to 10,000 by the time they are back to work Monday morning, the day before they hold the final vote on the ordinance. This Call To Action takes under 1 minute. I challenge everyone to click the link at breakfast, lunch, and dinner over the weekend. As an added bonus, there is a Twitter link built in that you can click to send tweets to each Supervisor as well. Why stop at Monday? Tweet at them each time you do the engagement to ensure they have a fun-filled weekend of reading about what a horrible mistake they are making üëø. Much gratitude to everyone for all the help and engagement over the last couple of days!! Spread the word!! THIS IS OPEN TO EVERYONE!! You DO NOT have to live in California!! www.casaa.org",https://www.reddit.com/r/electronic_cigarette/comments/6j8x00/stop_the_sf_flavor_ban_and_have_fun_while_youre/,jcolemanCASAA,59,electronic_cigarette,2017-06-24 16:04:56,27,/r/electronic_cigarette/comments/6j8x00/stop_the_sf_flavor_ban_and_have_fun_while_youre/,NaN
6j9x4e,A little incentive to email San Francisco about the flavor ban...,"A couple of days ago there was a post (https://www.reddit.com/r/electronic_cigarette/comments/6iv0ks/no_sf_flavor_ban_we_need_everyones_help/) asking everyone to please send an email to the representatives in San Francisco that are going to be voting next week to ban flavored eliquid.

At Vapor in a Bottle, we support advocacy and strongly encourage you to send these representatives an email, explaining why you oppose the flavor ban. Maybe tell your story of how you quit smoking using flavors. Whatever you tell them, please do it professionally. 

**Even if you don't live in San Francisco, it's important that you still email them. This could set a precedent for other places to follow suit. Regardless, we all need to look out for each other, no matter where you live**

Here is the list of email addresses for you to paste into your TO field.

    Sandra.Fewer@sfgov.org, Chelsea.Boilard@sfgov.org, Nick.Pagoulatos@sfgov.org, Angelina.Yu@sfgov.org, Mark.Farrell@sfgov.org, Kanishka.Karunaratne@sfgov.org, Margaux.Kelly@sfgov.org, Jess.Montejano@sfgov.org, Aaron.Peskin@sfgov.org, Sunny.Angulo@sfgov.org, Lee.Hepner@sfgov.org, Beth.Rubenstein@sfgov.org, Katy.Tang@sfgov.org, Ashley.Summers@sfgov.org, Ray.Law@sfgov.org, London.Breed@sfgov.org, Samantha.Roxas@sfgov.org, Kayleigh.Lloyd@sfgov.org, Michael.Howerton@sfgov.org, Jane.Kim@sfgov.org, Ivy.Lee@sfgov.org, Noelle.Duong@sfgov.org, Barbara.Lopez@sfgov.org, Norman.Yee@sfgov.org, Erica.Maybaum@sfgov.org, Jarlene.Choy@sfgov.org, Jen.Low@sfgov.org, Jeff.Sheehy@sfgov.org, Justin.Jones@sfgov.org, David.Spero@sfgov.org, Bill.Barnes@sfgov.org, David.Campos@sfgov.org, Carolyn.Goossen@sfgov.org, Carolina.Morales@sfgov.org, Nate.Allbee@sfgov.org, Malia.Cohen@sfgov.org, Yoyo.Chan@sfgov.org, Brittni.Chicuata@sfgov.org, Sophia.Kittler@sfgov.org, Ahsha.Safai@sfgov.org, Judy.Lee@sfgov.org, Cathy.MulkeyMeyer@sfgov.org, Suhagey.Sandoval@sfgov.org, mayoredwinlee@sfgov.org

In order to encourage you to send an email to these people, Vapor in a Bottle is offering a free 30ml bottle of our house juice with a purchase of $20 or more from our shop. All you need to do is copy us on the email, send a screenshot of the email (be sure we can see that it came from your email address) or forward an email that you've already sent (even if you have already sent an email before seeing this post, we'll still honor it). 

Our email is admin@vaporinabottle.com

We will then reply to your email and send you a coupon code that will knock $8.99 off of your order so long as it contains one of our house juices and the subtotal is $28.99 or more, before this discount. It will take us a little bit of time to do this, so do allow us a few hours to respond.

We know this isn't a huge discount, but many of you already order from us pretty often, so it's just a little way for us to say ""Thank you"" for helping out when you place your next order with us.",https://www.reddit.com/r/electronic_cigarette/comments/6j9x4e/a_little_incentive_to_email_san_francisco_about/,VaporInABottle,44,electronic_cigarette,2017-06-24 19:11:28,13,/r/electronic_cigarette/comments/6j9x4e/a_little_incentive_to_email_san_francisco_about/,Advocacy
6jivbz,CALL TO ACTION - Sign Petition to STOP the Flavored e-Liquids Ban in San Francisco! We Need Your Help!!!,,https://i.redd.it/veg0hgthzw5z.jpg,smokersheaven,27,electronic_cigarette,2017-06-26 04:06:03,31,/r/electronic_cigarette/comments/6jivbz/call_to_action_sign_petition_to_stop_the_flavored/,NaN
6jpqk8,San Francisco Flavor Ban: Last Call to have your voices heard,"Tomorrow the Board of Supervisors in San Francisco will be taking their official and final vote on the proposed flavor ban. Vapers and business owners are strongly encouraged to be there and still have their voices heard. The game isn't over and your voices in opposition will be of more value than you may think.

June 27th, 2PM, San Francisco City Hall

1 Dr. Carlton B. Goodlett Pl.

San Francisco, CA 94102

Room 250 (upstairs)",https://www.reddit.com/r/electronic_cigarette/comments/6jpqk8/san_francisco_flavor_ban_last_call_to_have_your/,StefanDidak,79,electronic_cigarette,2017-06-27 02:15:01,7,/r/electronic_cigarette/comments/6jpqk8/san_francisco_flavor_ban_last_call_to_have_your/,NaN
6h4zqm,San Francisco/LA Shops carrying DNA devices?,"I'll be in San Francisco and LA for 4 days at a time. So shopping online might be a problem (most shops process orders a maximum of 48hrs and two days for delivery might be cutting it too close). 

Any chance anyone knows a shop in the two locations I mentioned that are have DNA devices in stock? I've been looking at Google Maps to search for stores and checking their websites. Most of them are not updated.

As to what device I'm looking to get? I'm thinking about getting an Asmodus Oni 167w. Or something close to that range (price and power-wise). ",https://www.reddit.com/r/electronic_cigarette/comments/6h4zqm/san_franciscola_shops_carrying_dna_devices/,digitaldystopia,2,electronic_cigarette,2017-06-14 03:31:56,8,/r/electronic_cigarette/comments/6h4zqm/san_franciscola_shops_carrying_dna_devices/,NaN
6it6yd,San Francisco Bans Sale of Flavored Juice (Can still buy online and in neighboring cities - they just screw their own businesses),,https://www.usnews.com/news/best-states/california/articles/2017-06-21/san-francisco-to-ban-sales-of-vaping-flavored-liquid,mstave,52,electronic_cigarette,2017-06-22 12:34:21,54,/r/electronic_cigarette/comments/6it6yd/san_francisco_bans_sale_of_flavored_juice_can/,NaN
6eyudg,SF Express Shipping from Gearbest,Has anyone ever used this service? I ordered a Charon from Gearbest and it shipped with them. It seems it's been in the US but the tracking hasn't updated and I'm wondering how they'll get it to my door as I've never seen one of their trucks. Do I need to track it with USPS or UPS or something? ,https://www.reddit.com/r/electronic_cigarette/comments/6eyudg/sf_express_shipping_from_gearbest/,ChompMasterFlex,1,electronic_cigarette,2017-06-03 02:29:23,23,/r/electronic_cigarette/comments/6eyudg/sf_express_shipping_from_gearbest/,NaN
